{"cameraMode":{"drawMode":24,"name":"Light Overlap","section":"Baked Global Illumination"},"sceneLighting":true,"audioPlay":false,"sceneViewState":{"m_AlwaysRefresh":true,"showFog":true,"showSkybox":true,"showFlares":true,"showImageEffects":true,"showParticleSystems":true,"showVisualEffectGraphs":true,"m_FxEnabled":true},"in2DMode":false,"pivot":{"x":-0.04764167219400406,"y":4.000004291534424,"z":-0.09523988515138626},"rotation":{"x":0.004429150372743607,"y":-0.9792258739471436,"z":0.2019776701927185,"w":0.021446462720632554},"size":1.1134006977081299,"orthographic":false}