{"cameraMode":{"drawMode":24,"name":"Light Overlap","section":"Baked Global Illumination"},"sceneLighting":true,"audioPlay":false,"sceneViewState":{"m_AlwaysRefresh":true,"showFog":true,"showSkybox":true,"showFlares":true,"showImageEffects":true,"showParticleSystems":true,"showVisualEffectGraphs":true,"m_FxEnabled":true},"in2DMode":false,"pivot":{"x":2.004887580871582,"y":0.992333173751831,"z":-0.000047773122787475586},"rotation":{"x":0.004429150372743607,"y":-0.9792258739471436,"z":0.2019776701927185,"w":0.021446462720632554},"size":0.3714025914669037,"orthographic":false}